text,label
"Achieve your dream mental health without dieting, thanks to financial course",Manipulative
Helps maintain hair cleanliness and hygiene with smartphone,Non-Manipulative
Never worry about acne again with this multigrain cereal,Manipulative
Helps maintain face cleanliness and hygiene with pill,Non-Manipulative
Double your savings using this financial course,Manipulative
No artificial colors or harsh chemicals used in investment app,Non-Manipulative
app tested for quality and safety standards,Non-Manipulative
The most effective way to confidence without stress using serum,Manipulative
headphones designed to support your daily cleansing,Non-Manipulative
thermos provides lightweight skin hydration,Non-Manipulative
Provides a pleasant texture and easy absorption with coffee maker,Non-Manipulative
Look 15 years younger instantly with this pill,Manipulative
Helps maintain body cleanliness and hygiene with sunscreen,Non-Manipulative
Limited time offer: get 20% off on shampoo instantly,Manipulative
"Store thermos in a cool, dry place away from sunlight",Non-Manipulative
investment app designed to support your daily focus,Non-Manipulative
Look 8 years younger instantly with this sunscreen,Manipulative
Never worry about money stress again with this lotion,Manipulative
serum is cruelty-free and ethically sourced,Non-Manipulative
"Suitable for all teeth types, this lotion is reliable",Non-Manipulative
smartphone provides hydration and care to your skin,Non-Manipulative
This conditioner will give you the whitest hair,Manipulative
device is free from parabens and sulfates,Non-Manipulative
protein bar formulated with natural ingredients for mental health,Non-Manipulative
Doctors hate this simple financial course for mental health,Manipulative
Hurry! Only 25 left in stock for this protein bar,Manipulative
air purifier contains essential nutrients for productivity,Non-Manipulative
Limited time offer: get 20% off on water bottle instantly,Manipulative
vacuum cleaner provides lightweight hair hydration,Non-Manipulative
The most effective way to hydration without stress using plan,Manipulative
app designed to support your daily learning,Non-Manipulative
Hurry! Only 7 left in stock for this smartphone,Manipulative
"Safe for use on sensitive hair, this toothpaste is gentle",Non-Manipulative
The most effective way to fat burn without stress using device,Manipulative
"Suitable for all body types, this shampoo is reliable",Non-Manipulative
multigrain cereal is cruelty-free and ethically sourced,Non-Manipulative
Ideal for everyday use to support your wellness with plan,Non-Manipulative
See visible changes in 13 days or less with supplement,Manipulative
The best air purifier you will ever need,Manipulative
This headphones helps improve your teeth health over time,Non-Manipulative
Get flawless face overnight using our financial course,Manipulative
Guaranteed results in just 24 days with thermos,Manipulative
Secret trick to weight loss instantly with yoga mat,Manipulative
Transform your career with just one click using multigrain cereal,Manipulative
"Suitable for all hair types, this protein bar is reliable",Non-Manipulative
"Suitable for all teeth types, this cleanser is reliable",Non-Manipulative
Look 10 years younger instantly with this water bottle,Manipulative
Doctors hate this simple yoga mat for mental health,Manipulative
device provides hydration and care to your teeth,Non-Manipulative
Secret trick to growth instantly with laptop,Manipulative
Hurry! Only 27 left in stock for this headphones,Manipulative
Provides a pleasant texture and easy absorption with thermos,Non-Manipulative
Look 8 years younger instantly with this air purifier,Manipulative
Double your savings using this sunscreen,Manipulative
Hurry! Only 20 left in stock for this yoga mat,Manipulative
toothpaste enriched with vitamins for healthy teeth,Non-Manipulative
vacuum cleaner provides hydration and care to your skin,Non-Manipulative
Never worry about low focus again with this plan,Manipulative
Secret trick to fat burn instantly with device,Manipulative
Transform your life with just one click using serum,Manipulative
Experience the magic of effortless success with this serum,Manipulative
Ideal for everyday use to support your focus with water bottle,Non-Manipulative
Limited time offer: get 25% off on investment app instantly,Manipulative
Experience the magic of effortless confidence with this sunscreen,Manipulative
Lose arm fat in 10 days guaranteed with investment app,Manipulative
investment app designed to support your daily mental health,Non-Manipulative
Transform your health with just one click using app,Manipulative
Helps maintain hair cleanliness and hygiene with financial course,Non-Manipulative
"Achieve your dream weight loss without dieting, thanks to sunscreen",Manipulative
"Safe for use on sensitive teeth, this thermos is gentle",Non-Manipulative
Consult a professional before using this cleanser if needed,Non-Manipulative
Hurry! Only 25 left in stock for this headphones,Manipulative
Look 22 years younger instantly with this smartphone,Manipulative
Hurry! Only 5 left in stock for this air purifier,Manipulative
Lose arm fat in 16 days guaranteed with yoga mat,Manipulative
Provides a pleasant texture and easy absorption with serum,Non-Manipulative
Unlock the secret to cleansing today with oil,Manipulative
Never worry about fatigue again with this investment app,Manipulative
Experience the magic of effortless confidence with this vacuum cleaner,Manipulative
"Suitable for all body types, this cleanser is reliable",Non-Manipulative
fitness tracker formulated with natural ingredients for fitness,Non-Manipulative
Get flawless teeth overnight using our protein bar,Manipulative
Hurry! Only 4 left in stock for this financial course,Manipulative
Consult a professional before using this vacuum cleaner if needed,Non-Manipulative
This app helps improve your teeth health over time,Non-Manipulative
This fitness tracker will give you the softest grades,Manipulative
See visible changes in 2 days or less with budget planner,Manipulative
Experience the magic of effortless mental health with this vacuum cleaner,Manipulative
water bottle provides lightweight face hydration,Non-Manipulative
Unlock the secret to weight loss today with insurance plan,Manipulative
oil contains essential nutrients for growth,Non-Manipulative
"Safe for use on sensitive teeth, this device is gentle",Non-Manipulative
Never worry about money stress again with this oil,Manipulative
Doctors hate this simple sunscreen for focus,Manipulative
financial course provides hydration and care to your teeth,Non-Manipulative
air purifier designed to support your daily financial planning,Non-Manipulative
This air purifier will give you the brightest hair,Manipulative
Guaranteed results in just 26 days with coffee maker,Manipulative
Get flawless body overnight using our cream,Manipulative
Provides a pleasant texture and easy absorption with conditioner,Non-Manipulative
app contains essential nutrients for weight loss,Non-Manipulative
This multigrain cereal helps improve your body health over time,Non-Manipulative
"Suitable for all teeth types, this pill is reliable",Non-Manipulative
Helps maintain face cleanliness and hygiene with shampoo,Non-Manipulative
Secret trick to focus instantly with app,Manipulative
Transform your lifestyle with just one click using coffee maker,Manipulative
plan is cruelty-free and ethically sourced,Non-Manipulative
"Your love is waiting for you, find them today using fitness tracker",Manipulative
plan enriched with vitamins for healthy teeth,Non-Manipulative
Limited time offer: get 20% off on lotion instantly,Manipulative
investment app formulated with natural ingredients for mental health,Non-Manipulative
Doctors hate this simple headphones for mental health,Manipulative
The most effective way to financial planning without hard work using coffee maker,Manipulative
Helps maintain face cleanliness and hygiene with cream,Non-Manipulative
cleanser provides lightweight hair hydration,Non-Manipulative
Secret trick to productivity instantly with conditioner,Manipulative
laptop is cruelty-free and ethically sourced,Non-Manipulative
cream is free from parabens and sulfates,Non-Manipulative
Limited time offer: get 20% off on multigrain cereal instantly,Manipulative
Double your savings using this supplement,Manipulative
The best sunscreen you will ever need,Manipulative
Use this investment app as part of your regular lifestyle,Non-Manipulative
Unlock the secret to success today with water bottle,Manipulative
Ideal for everyday use to support your wellness with financial course,Non-Manipulative
The most effective way to wellness without dieting using financial course,Manipulative
Helps maintain body cleanliness and hygiene with smartphone,Non-Manipulative
conditioner provides hydration and care to your skin,Non-Manipulative
shampoo designed to support your daily success,Non-Manipulative
"Safe for use on sensitive skin, this toothpaste is gentle",Non-Manipulative
Doctors hate this simple plan for wellness,Manipulative
Transform your health with just one click using sunscreen,Manipulative
This yoga mat helps improve your body health over time,Non-Manipulative
Doctors hate this simple app for learning,Manipulative
This multigrain cereal helps improve your teeth health over time,Non-Manipulative
No artificial colors or harsh chemicals used in air purifier,Non-Manipulative
"Suitable for all skin types, this thermos is reliable",Non-Manipulative
Look 27 years younger instantly with this insurance plan,Manipulative
Lose belly fat in 4 days guaranteed with laptop,Manipulative
air purifier provides hydration and care to your body,Non-Manipulative
Never worry about dandruff again with this vacuum cleaner,Manipulative
air purifier designed to support your daily hydration,Non-Manipulative
Doctors hate this simple protein bar for mental health,Manipulative
Double your energy using this fitness tracker,Manipulative
Unlock the secret to financial planning today with investment app,Manipulative
Get flawless skin overnight using our pill,Manipulative
cream enriched with vitamins for healthy skin,Non-Manipulative
Use this fitness tracker as part of your regular finances,Non-Manipulative
Lose belly fat in 4 days guaranteed with insurance plan,Manipulative
This oil helps improve your body health over time,Non-Manipulative
Hurry! Only 30 left in stock for this oil,Manipulative
Provides a pleasant texture and easy absorption with multigrain cereal,Non-Manipulative
"Achieve your dream financial planning without stress, thanks to app",Manipulative
headphones enriched with vitamins for healthy body,Non-Manipulative
Transform your life with just one click using investment app,Manipulative
insurance plan designed to support your daily learning,Non-Manipulative
protein bar is cruelty-free and ethically sourced,Non-Manipulative
The best protein bar you will ever need,Manipulative
Transform your finances with just one click using pill,Manipulative
Provides a pleasant texture and easy absorption with pill,Non-Manipulative
The most effective way to focus without hard work using cleanser,Manipulative
Provides a pleasant texture and easy absorption with headphones,Non-Manipulative
The best smartphone you will ever need,Manipulative
"Suitable for all body types, this plan is reliable",Non-Manipulative
Secret trick to learning instantly with sunscreen,Manipulative
Never worry about low focus again with this multigrain cereal,Manipulative
Experience the magic of effortless financial planning with this financial course,Manipulative
serum contains essential nutrients for productivity,Non-Manipulative
Doctors hate this simple investment app for productivity,Manipulative
Guaranteed results in just 18 days with serum,Manipulative
shampoo contains essential nutrients for hydration,Non-Manipulative
"Safe for use on sensitive body, this vacuum cleaner is gentle",Non-Manipulative
vacuum cleaner provides lightweight body hydration,Non-Manipulative
Double your results using this vacuum cleaner,Manipulative
Lose arm fat in 26 days guaranteed with protein bar,Manipulative
Lose belly fat in 9 days guaranteed with sunscreen,Manipulative
"Your soulmate is waiting for you, find them today using fitness tracker",Manipulative
Become the softest version of yourself using conditioner,Manipulative
Double your energy using this financial course,Manipulative
Helps maintain teeth cleanliness and hygiene with investment app,Non-Manipulative
The best thermos you will ever need,Manipulative
Doctors hate this simple headphones for weight loss,Manipulative
toothpaste enriched with vitamins for healthy hair,Non-Manipulative
The best budget planner you will ever need,Manipulative
Unlock the secret to productivity today with cream,Manipulative
"Safe for use on sensitive body, this laptop is gentle",Non-Manipulative
insurance plan is cruelty-free and ethically sourced,Non-Manipulative
headphones tested for quality and safety standards,Non-Manipulative
toothpaste is cruelty-free and ethically sourced,Non-Manipulative
Consult a professional before using this fitness tracker if needed,Non-Manipulative
Limited time offer: get 35% off on sunscreen instantly,Manipulative
The best laptop you will ever need,Manipulative
Unlock the secret to mental health today with serum,Manipulative
Helps maintain body cleanliness and hygiene with shampoo,Non-Manipulative
Transform your lifestyle with just one click using insurance plan,Manipulative
This fitness tracker will give you the best body,Manipulative
Doctors hate this simple thermos for success,Manipulative
The most effective way to wellness without stress using yoga mat,Manipulative
This insurance plan helps improve your teeth health over time,Non-Manipulative
Hurry! Only 13 left in stock for this investment app,Manipulative
Unlock the secret to hydration today with toothpaste,Manipulative
Ideal for everyday use to support your fat burn with app,Non-Manipulative
The best coffee maker you will ever need,Manipulative
This plan helps improve your skin health over time,Non-Manipulative
supplement is cruelty-free and ethically sourced,Non-Manipulative
Lose thigh fat in 12 days guaranteed with smartphone,Manipulative
protein bar formulated with natural ingredients for fitness,Non-Manipulative
"Achieve your dream fat burn without dieting, thanks to conditioner",Manipulative
Limited time offer: get 30% off on financial course instantly,Manipulative
Helps maintain hair cleanliness and hygiene with shampoo,Non-Manipulative
Get flawless hair overnight using our oil,Manipulative
Lose belly fat in 21 days guaranteed with supplement,Manipulative
Doctors hate this simple thermos for hydration,Manipulative
Double your focus using this investment app,Manipulative
"Your soulmate is waiting for you, find them today using multigrain cereal",Manipulative
Become the whitest version of yourself using device,Manipulative
Experience the magic of effortless success with this oil,Manipulative
Doctors hate this simple shampoo for confidence,Manipulative
Never worry about fatigue again with this air purifier,Manipulative
Limited time offer: get 40% off on supplement instantly,Manipulative
See visible changes in 6 days or less with coffee maker,Manipulative
financial course is free from parabens and sulfates,Non-Manipulative
"Safe for use on sensitive skin, this financial course is gentle",Non-Manipulative
Look 15 years younger instantly with this multigrain cereal,Manipulative
The best yoga mat you will ever need,Manipulative
Experience the magic of effortless productivity with this protein bar,Manipulative
This shampoo helps improve your body health over time,Non-Manipulative
Limited time offer: get 25% off on thermos instantly,Manipulative
See visible changes in 11 days or less with shampoo,Manipulative
vacuum cleaner enriched with vitamins for healthy teeth,Non-Manipulative
Guaranteed results in just 28 days with cream,Manipulative
"Your soulmate is waiting for you, find them today using conditioner",Manipulative
multigrain cereal tested for quality and safety standards,Non-Manipulative
app provides hydration and care to your hair,Non-Manipulative
"Your soulmate is waiting for you, find them today using device",Manipulative
Unlock the secret to confidence today with air purifier,Manipulative
Look 6 years younger instantly with this cream,Manipulative
oil is cruelty-free and ethically sourced,Non-Manipulative
Ideal for everyday use to support your wellness with water bottle,Non-Manipulative
Doctors hate this simple fitness tracker for success,Manipulative
Double your sales using this sunscreen,Manipulative
toothpaste designed to support your daily fat burn,Non-Manipulative
"Achieve your dream fitness without hard work, thanks to vacuum cleaner",Manipulative
Never worry about fatigue again with this shampoo,Manipulative
Unlock the secret to mental health today with cleanser,Manipulative
Get flawless body overnight using our cleanser,Manipulative
Lose belly fat in 6 days guaranteed with thermos,Manipulative
Never worry about dandruff again with this air purifier,Manipulative
vacuum cleaner provides lightweight teeth hydration,Non-Manipulative
Recommended to use this insurance plan daily for best results,Non-Manipulative
"Your love is waiting for you, find them today using supplement",Manipulative
"Suitable for all face types, this plan is reliable",Non-Manipulative
"Your love is waiting for you, find them today using smartphone",Manipulative
"Achieve your dream cleansing without dieting, thanks to laptop",Manipulative
See visible changes in 14 days or less with air purifier,Manipulative
"Safe for use on sensitive face, this yoga mat is gentle",Non-Manipulative
Become the best version of yourself using investment app,Manipulative
"Your soulmate is waiting for you, find them today using cleanser",Manipulative
Use this air purifier as part of your regular career,Non-Manipulative
coffee maker is cruelty-free and ethically sourced,Non-Manipulative
cleanser provides lightweight skin hydration,Non-Manipulative
Doctors hate this simple cream for growth,Manipulative
Doctors hate this simple budget planner for mental health,Manipulative
thermos designed to support your daily learning,Non-Manipulative
This coffee maker helps improve your teeth health over time,Non-Manipulative
Limited time offer: get 45% off on sunscreen instantly,Manipulative
Hurry! Only 11 left in stock for this cream,Manipulative
Lose arm fat in 23 days guaranteed with investment app,Manipulative
Doctors hate this simple vacuum cleaner for weight loss,Manipulative
The most effective way to productivity without dieting using vacuum cleaner,Manipulative
"Safe for use on sensitive teeth, this protein bar is gentle",Non-Manipulative
pill tested for quality and safety standards,Non-Manipulative
Transform your finances with just one click using headphones,Manipulative
Never worry about fatigue again with this plan,Manipulative
Secret trick to fitness instantly with insurance plan,Manipulative
Ideal for everyday use to support your fitness with headphones,Non-Manipulative
"Store smartphone in a cool, dry place away from sunlight",Non-Manipulative
Look 12 years younger instantly with this headphones,Manipulative
smartphone enriched with vitamins for healthy body,Non-Manipulative
Helps maintain hair cleanliness and hygiene with investment app,Non-Manipulative
Ideal for everyday use to support your weight loss with lotion,Non-Manipulative
yoga mat enriched with vitamins for healthy skin,Non-Manipulative
water bottle formulated with natural ingredients for mental health,Non-Manipulative
Look 27 years younger instantly with this app,Manipulative
The most effective way to mental health without effort using pill,Manipulative
Experience the magic of effortless growth with this cleanser,Manipulative
Look 23 years younger instantly with this insurance plan,Manipulative
Hurry! Only 20 left in stock for this laptop,Manipulative
Get flawless hair overnight using our multigrain cereal,Manipulative
Consult a professional before using this oil if needed,Non-Manipulative
Consult a professional before using this budget planner if needed,Non-Manipulative
Get flawless teeth overnight using our coffee maker,Manipulative
Look 18 years younger instantly with this budget planner,Manipulative
Lose arm fat in 5 days guaranteed with serum,Manipulative
Helps maintain body cleanliness and hygiene with fitness tracker,Non-Manipulative
"Suitable for all teeth types, this coffee maker is reliable",Non-Manipulative
plan formulated with natural ingredients for mental health,Non-Manipulative
air purifier contains essential nutrients for success,Non-Manipulative
Double your focus using this laptop,Manipulative
Doctors hate this simple cleanser for success,Manipulative
"Store multigrain cereal in a cool, dry place away from sunlight",Non-Manipulative
Look 2 years younger instantly with this lotion,Manipulative
"Your partner is waiting for you, find them today using cream",Manipulative
"Your love is waiting for you, find them today using shampoo",Manipulative
Consult a professional before using this smartphone if needed,Non-Manipulative
cleanser tested for quality and safety standards,Non-Manipulative
Doctors hate this simple thermos for learning,Manipulative
oil formulated with natural ingredients for wellness,Non-Manipulative
Transform your routine with just one click using serum,Manipulative
Guaranteed results in just 25 days with investment app,Manipulative
"Safe for use on sensitive skin, this protein bar is gentle",Non-Manipulative
"Suitable for all body types, this water bottle is reliable",Non-Manipulative
See visible changes in 20 days or less with shampoo,Manipulative
Experience the magic of effortless productivity with this vacuum cleaner,Manipulative
Limited time offer: get 15% off on multigrain cereal instantly,Manipulative
"Suitable for all teeth types, this cream is reliable",Non-Manipulative
This app helps improve your face health over time,Non-Manipulative
Consult a professional before using this water bottle if needed,Non-Manipulative
The best water bottle you will ever need,Manipulative
cream contains essential nutrients for fitness,Non-Manipulative
See visible changes in 16 days or less with cream,Manipulative
Never worry about acne again with this laptop,Manipulative
conditioner provides lightweight body hydration,Non-Manipulative
Helps maintain hair cleanliness and hygiene with coffee maker,Non-Manipulative
The most effective way to mental health without dieting using smartphone,Manipulative
Never worry about acne again with this serum,Manipulative
Lose belly fat in 24 days guaranteed with oil,Manipulative
Ideal for everyday use to support your fitness with investment app,Non-Manipulative
Double your grades using this yoga mat,Manipulative
shampoo is cruelty-free and ethically sourced,Non-Manipulative
No artificial colors or harsh chemicals used in insurance plan,Non-Manipulative
device formulated with natural ingredients for wellness,Non-Manipulative
laptop tested for quality and safety standards,Non-Manipulative
Secret trick to growth instantly with headphones,Manipulative
oil tested for quality and safety standards,Non-Manipulative
Hurry! Only 28 left in stock for this shampoo,Manipulative
Consult a professional before using this pill if needed,Non-Manipulative
Helps maintain hair cleanliness and hygiene with oil,Non-Manipulative
Use this shampoo as part of your regular lifestyle,Non-Manipulative
Look 24 years younger instantly with this smartphone,Manipulative
This headphones helps improve your face health over time,Non-Manipulative
smartphone provides hydration and care to your face,Non-Manipulative
No artificial colors or harsh chemicals used in cream,Non-Manipulative
"Achieve your dream wellness without extra expenses, thanks to air purifier",Manipulative
cream tested for quality and safety standards,Non-Manipulative
This budget planner will give you the brightest smile,Manipulative
"Suitable for all hair types, this multigrain cereal is reliable",Non-Manipulative
Consult a professional before using this investment app if needed,Non-Manipulative
Doctors hate this simple budget planner for learning,Manipulative
smartphone tested for quality and safety standards,Non-Manipulative
No artificial colors or harsh chemicals used in yoga mat,Non-Manipulative
Unlock the secret to productivity today with financial course,Manipulative
Look 18 years younger instantly with this serum,Manipulative
"Achieve your dream mental health without effort, thanks to headphones",Manipulative
Secret trick to fat burn instantly with app,Manipulative
Never worry about hair fall again with this oil,Manipulative
Doctors hate this simple budget planner for success,Manipulative
Hurry! Only 11 left in stock for this air purifier,Manipulative
pill designed to support your daily confidence,Non-Manipulative
Hurry! Only 7 left in stock for this pill,Manipulative
The most effective way to hydration without hard work using water bottle,Manipulative
Secret trick to financial planning instantly with thermos,Manipulative
Double your savings using this lotion,Manipulative
headphones provides hydration and care to your hair,Non-Manipulative
"Store coffee maker in a cool, dry place away from sunlight",Non-Manipulative
financial course provides hydration and care to your skin,Non-Manipulative
This device helps improve your face health over time,Non-Manipulative
Use this supplement as part of your regular routine,Non-Manipulative
Double your results using this pill,Manipulative
Unlock the secret to fat burn today with headphones,Manipulative
Provides a pleasant texture and easy absorption with laptop,Non-Manipulative
Secret trick to hydration instantly with oil,Manipulative
app enriched with vitamins for healthy hair,Non-Manipulative
"Achieve your dream fitness without extra expenses, thanks to sunscreen",Manipulative
"Safe for use on sensitive hair, this device is gentle",Non-Manipulative
Consult a professional before using this thermos if needed,Non-Manipulative
Unlock the secret to success today with device,Manipulative
Guaranteed results in just 11 days with protein bar,Manipulative
supplement enriched with vitamins for healthy skin,Non-Manipulative
Hurry! Only 8 left in stock for this cleanser,Manipulative
Become the best version of yourself using headphones,Manipulative
Double your energy using this protein bar,Manipulative
Transform your life with just one click using conditioner,Manipulative
Never worry about fatigue again with this toothpaste,Manipulative
Become the best version of yourself using financial course,Manipulative
cream contains essential nutrients for mental health,Non-Manipulative
lotion provides lightweight body hydration,Non-Manipulative
plan designed to support your daily mental health,Non-Manipulative
Get flawless body overnight using our device,Manipulative
Double your results using this shampoo,Manipulative
lotion formulated with natural ingredients for hydration,Non-Manipulative
app is cruelty-free and ethically sourced,Non-Manipulative
sunscreen formulated with natural ingredients for success,Non-Manipulative
"Store water bottle in a cool, dry place away from sunlight",Non-Manipulative
Consult a professional before using this coffee maker if needed,Non-Manipulative
app contains essential nutrients for learning,Non-Manipulative
This toothpaste will give you the best skin,Manipulative
Get flawless body overnight using our fitness tracker,Manipulative
No artificial colors or harsh chemicals used in sunscreen,Non-Manipulative
"Store shampoo in a cool, dry place away from sunlight",Non-Manipulative
insurance plan enriched with vitamins for healthy skin,Non-Manipulative
"Store device in a cool, dry place away from sunlight",Non-Manipulative
Become the fastest version of yourself using yoga mat,Manipulative
plan enriched with vitamins for healthy hair,Non-Manipulative
This air purifier will give you the best skin,Manipulative
Doctors hate this simple plan for hydration,Manipulative
Transform your health with just one click using financial course,Manipulative
thermos contains essential nutrients for success,Non-Manipulative
Transform your lifestyle with just one click using headphones,Manipulative
fitness tracker enriched with vitamins for healthy hair,Non-Manipulative
Unlock the secret to growth today with protein bar,Manipulative
See visible changes in 14 days or less with insurance plan,Manipulative
Lose arm fat in 4 days guaranteed with app,Manipulative
See visible changes in 6 days or less with conditioner,Manipulative
Never worry about acne again with this cream,Manipulative
Helps maintain teeth cleanliness and hygiene with supplement,Non-Manipulative
Use this smartphone as part of your regular career,Non-Manipulative
thermos designed to support your daily cleansing,Non-Manipulative
laptop provides lightweight hair hydration,Non-Manipulative
Transform your finances with just one click using coffee maker,Manipulative
"Achieve your dream weight loss without dieting, thanks to plan",Manipulative
Use this cleanser as part of your regular life,Non-Manipulative
"Safe for use on sensitive body, this supplement is gentle",Non-Manipulative
Doctors hate this simple coffee maker for hydration,Manipulative
budget planner provides lightweight face hydration,Non-Manipulative
Look 14 years younger instantly with this fitness tracker,Manipulative
Use this toothpaste as part of your regular routine,Non-Manipulative
headphones provides lightweight body hydration,Non-Manipulative
"Safe for use on sensitive skin, this fitness tracker is gentle",Non-Manipulative
Recommended to use this cream daily for best results,Non-Manipulative
financial course enriched with vitamins for healthy skin,Non-Manipulative
oil is free from parabens and sulfates,Non-Manipulative
Experience the magic of effortless confidence with this plan,Manipulative
Use this air purifier as part of your regular health,Non-Manipulative
No artificial colors or harsh chemicals used in smartphone,Non-Manipulative
Get flawless body overnight using our oil,Manipulative
Doctors hate this simple toothpaste for wellness,Manipulative
toothpaste formulated with natural ingredients for hydration,Non-Manipulative
"Achieve your dream success without dieting, thanks to thermos",Manipulative
pill contains essential nutrients for fitness,Non-Manipulative
This conditioner helps improve your hair health over time,Non-Manipulative
plan tested for quality and safety standards,Non-Manipulative
Transform your health with just one click using laptop,Manipulative
laptop designed to support your daily confidence,Non-Manipulative
Use this cream as part of your regular health,Non-Manipulative
Never worry about fatigue again with this thermos,Manipulative
Recommended to use this cleanser daily for best results,Non-Manipulative
Provides a pleasant texture and easy absorption with financial course,Non-Manipulative
Guaranteed results in just 10 days with fitness tracker,Manipulative
water bottle contains essential nutrients for productivity,Non-Manipulative
See visible changes in 6 days or less with fitness tracker,Manipulative
Transform your lifestyle with just one click using conditioner,Manipulative
The most effective way to weight loss without extra expenses using smartphone,Manipulative
No artificial colors or harsh chemicals used in device,Non-Manipulative
cleanser provides lightweight teeth hydration,Non-Manipulative
This protein bar will give you the brightest portfolio,Manipulative
Lose thigh fat in 14 days guaranteed with yoga mat,Manipulative
Use this pill as part of your regular life,Non-Manipulative
"Store budget planner in a cool, dry place away from sunlight",Non-Manipulative
Double your focus using this budget planner,Manipulative
Ideal for everyday use to support your learning with oil,Non-Manipulative
"Achieve your dream wellness without dieting, thanks to laptop",Manipulative
Experience the magic of effortless fat burn with this vacuum cleaner,Manipulative
The most effective way to wellness without effort using oil,Manipulative
Get flawless skin overnight using our multigrain cereal,Manipulative
Never worry about stress again with this thermos,Manipulative
"Achieve your dream fitness without hard work, thanks to shampoo",Manipulative
Helps maintain hair cleanliness and hygiene with budget planner,Non-Manipulative
Secret trick to mental health instantly with financial course,Manipulative
Helps maintain face cleanliness and hygiene with coffee maker,Non-Manipulative
Guaranteed results in just 15 days with coffee maker,Manipulative
Experience the magic of effortless weight loss with this laptop,Manipulative
cleanser is cruelty-free and ethically sourced,Non-Manipulative
smartphone is free from parabens and sulfates,Non-Manipulative
Get flawless skin overnight using our thermos,Manipulative
conditioner contains essential nutrients for weight loss,Non-Manipulative
supplement provides hydration and care to your hair,Non-Manipulative
The most effective way to hydration without stress using serum,Manipulative
insurance plan provides lightweight body hydration,Non-Manipulative
The most effective way to fat burn without exercise using toothpaste,Manipulative
app contains essential nutrients for wellness,Non-Manipulative
thermos enriched with vitamins for healthy hair,Non-Manipulative
Use this lotion as part of your regular health,Non-Manipulative
vacuum cleaner formulated with natural ingredients for learning,Non-Manipulative
thermos enriched with vitamins for healthy face,Non-Manipulative
Hurry! Only 28 left in stock for this protein bar,Manipulative
Guaranteed results in just 11 days with smartphone,Manipulative
Secret trick to success instantly with thermos,Manipulative
"Safe for use on sensitive body, this investment app is gentle",Non-Manipulative
sunscreen formulated with natural ingredients for mental health,Non-Manipulative
"Safe for use on sensitive face, this smartphone is gentle",Non-Manipulative
"Safe for use on sensitive teeth, this air purifier is gentle",Non-Manipulative
No artificial colors or harsh chemicals used in cleanser,Non-Manipulative
"Suitable for all body types, this app is reliable",Non-Manipulative
Use this conditioner as part of your regular routine,Non-Manipulative
Experience the magic of effortless weight loss with this headphones,Manipulative
Become the brightest version of yourself using sunscreen,Manipulative
Never worry about stress again with this sunscreen,Manipulative
Use this yoga mat as part of your regular lifestyle,Non-Manipulative
Guaranteed results in just 18 days with headphones,Manipulative
"Your soulmate is waiting for you, find them today using financial course",Manipulative
insurance plan formulated with natural ingredients for weight loss,Non-Manipulative
Get flawless teeth overnight using our financial course,Manipulative
Ideal for everyday use to support your fat burn with headphones,Non-Manipulative
Helps maintain teeth cleanliness and hygiene with serum,Non-Manipulative
Look 4 years younger instantly with this cleanser,Manipulative
sunscreen formulated with natural ingredients for fitness,Non-Manipulative
insurance plan designed to support your daily wellness,Non-Manipulative
This app will give you the best hair,Manipulative
Use this budget planner as part of your regular finances,Non-Manipulative
supplement provides hydration and care to your skin,Non-Manipulative
"Store protein bar in a cool, dry place away from sunlight",Non-Manipulative
"Store conditioner in a cool, dry place away from sunlight",Non-Manipulative
Consult a professional before using this protein bar if needed,Non-Manipulative
thermos formulated with natural ingredients for success,Non-Manipulative
air purifier formulated with natural ingredients for fat burn,Non-Manipulative
This serum helps improve your hair health over time,Non-Manipulative
The best vacuum cleaner you will ever need,Manipulative
The best oil you will ever need,Manipulative
Recommended to use this app daily for best results,Non-Manipulative
This water bottle helps improve your teeth health over time,Non-Manipulative
Hurry! Only 23 left in stock for this app,Manipulative
Double your grades using this conditioner,Manipulative
Unlock the secret to fat burn today with fitness tracker,Manipulative
smartphone designed to support your daily hydration,Non-Manipulative
The most effective way to growth without effort using conditioner,Manipulative
"Achieve your dream weight loss without effort, thanks to pill",Manipulative
Limited time offer: get 35% off on investment app instantly,Manipulative
Unlock the secret to hydration today with laptop,Manipulative
Unlock the secret to success today with fitness tracker,Manipulative
"Your partner is waiting for you, find them today using pill",Manipulative
Consult a professional before using this plan if needed,Non-Manipulative
The most effective way to fat burn without stress using smartphone,Manipulative
"Suitable for all hair types, this air purifier is reliable",Non-Manipulative
"Safe for use on sensitive skin, this shampoo is gentle",Non-Manipulative
Transform your lifestyle with just one click using sunscreen,Manipulative
financial course provides hydration and care to your hair,Non-Manipulative
"Achieve your dream productivity without extra expenses, thanks to app",Manipulative
Hurry! Only 16 left in stock for this cream,Manipulative
coffee maker enriched with vitamins for healthy body,Non-Manipulative
The best headphones you will ever need,Manipulative
"Store cleanser in a cool, dry place away from sunlight",Non-Manipulative
Secret trick to fitness instantly with toothpaste,Manipulative
Look 11 years younger instantly with this vacuum cleaner,Manipulative
Guaranteed results in just 16 days with headphones,Manipulative
Use this multigrain cereal as part of your regular lifestyle,Non-Manipulative
Provides a pleasant texture and easy absorption with smartphone,Non-Manipulative
Look 4 years younger instantly with this vacuum cleaner,Manipulative
"Safe for use on sensitive skin, this lotion is gentle",Non-Manipulative
budget planner is free from parabens and sulfates,Non-Manipulative
shampoo contains essential nutrients for fitness,Non-Manipulative
coffee maker tested for quality and safety standards,Non-Manipulative
Lose thigh fat in 9 days guaranteed with insurance plan,Manipulative
shampoo formulated with natural ingredients for productivity,Non-Manipulative
Limited time offer: get 45% off on cleanser instantly,Manipulative
toothpaste tested for quality and safety standards,Non-Manipulative
Doctors hate this simple conditioner for productivity,Manipulative
lotion is cruelty-free and ethically sourced,Non-Manipulative
Transform your lifestyle with just one click using protein bar,Manipulative
"Suitable for all body types, this fitness tracker is reliable",Non-Manipulative
Use this pill as part of your regular finances,Non-Manipulative
sunscreen is cruelty-free and ethically sourced,Non-Manipulative
"Safe for use on sensitive body, this conditioner is gentle",Non-Manipulative
Lose arm fat in 4 days guaranteed with cream,Manipulative
Consult a professional before using this device if needed,Non-Manipulative
Provides a pleasant texture and easy absorption with air purifier,Non-Manipulative
laptop designed to support your daily weight loss,Non-Manipulative
Use this yoga mat as part of your regular life,Non-Manipulative
thermos is cruelty-free and ethically sourced,Non-Manipulative
Guaranteed results in just 3 days with lotion,Manipulative
"Suitable for all face types, this protein bar is reliable",Non-Manipulative
"Safe for use on sensitive hair, this lotion is gentle",Non-Manipulative
"Your partner is waiting for you, find them today using coffee maker",Manipulative
lotion contains essential nutrients for productivity,Non-Manipulative
Become the smoothest version of yourself using coffee maker,Manipulative
Consult a professional before using this laptop if needed,Non-Manipulative
conditioner formulated with natural ingredients for mental health,Non-Manipulative
"Safe for use on sensitive skin, this serum is gentle",Non-Manipulative
This thermos will give you the whitest grades,Manipulative
water bottle tested for quality and safety standards,Non-Manipulative
"Your partner is waiting for you, find them today using smartphone",Manipulative
"Achieve your dream wellness without extra expenses, thanks to pill",Manipulative
Use this lotion as part of your regular lifestyle,Non-Manipulative
Hurry! Only 24 left in stock for this laptop,Manipulative
toothpaste contains essential nutrients for fitness,Non-Manipulative
yoga mat contains essential nutrients for hydration,Non-Manipulative
yoga mat enriched with vitamins for healthy teeth,Non-Manipulative
Experience the magic of effortless fat burn with this yoga mat,Manipulative
Consult a professional before using this toothpaste if needed,Non-Manipulative
This budget planner helps improve your hair health over time,Non-Manipulative
Doctors hate this simple device for productivity,Manipulative
Provides a pleasant texture and easy absorption with oil,Non-Manipulative
Guaranteed results in just 21 days with insurance plan,Manipulative
Consult a professional before using this air purifier if needed,Non-Manipulative
This toothpaste will give you the fastest skin,Manipulative
sunscreen formulated with natural ingredients for hydration,Non-Manipulative
No artificial colors or harsh chemicals used in water bottle,Non-Manipulative
Limited time offer: get 35% off on shampoo instantly,Manipulative
Recommended to use this laptop daily for best results,Non-Manipulative
headphones provides hydration and care to your face,Non-Manipulative
Never worry about fatigue again with this oil,Manipulative
Become the brightest version of yourself using laptop,Manipulative
Recommended to use this lotion daily for best results,Non-Manipulative
laptop enriched with vitamins for healthy teeth,Non-Manipulative
app provides lightweight teeth hydration,Non-Manipulative
Look 7 years younger instantly with this multigrain cereal,Manipulative
Provides a pleasant texture and easy absorption with lotion,Non-Manipulative
This supplement will give you the smoothest smile,Manipulative
"Store serum in a cool, dry place away from sunlight",Non-Manipulative
Become the fastest version of yourself using budget planner,Manipulative
Secret trick to confidence instantly with app,Manipulative
Unlock the secret to success today with toothpaste,Manipulative
investment app tested for quality and safety standards,Non-Manipulative
Ideal for everyday use to support your hydration with budget planner,Non-Manipulative
Lose thigh fat in 6 days guaranteed with cleanser,Manipulative
"Your love is waiting for you, find them today using yoga mat",Manipulative
Guaranteed results in just 30 days with cleanser,Manipulative
Limited time offer: get 25% off on cleanser instantly,Manipulative
Recommended to use this vacuum cleaner daily for best results,Non-Manipulative
Use this fitness tracker as part of your regular lifestyle,Non-Manipulative
sunscreen formulated with natural ingredients for productivity,Non-Manipulative
Recommended to use this budget planner daily for best results,Non-Manipulative
Unlock the secret to mental health today with laptop,Manipulative
cream provides lightweight skin hydration,Non-Manipulative
This insurance plan will give you the whitest skin,Manipulative
"Suitable for all face types, this serum is reliable",Non-Manipulative
Hurry! Only 30 left in stock for this plan,Manipulative
This pill will give you the softest portfolio,Manipulative
Guaranteed results in just 30 days with thermos,Manipulative
Transform your lifestyle with just one click using shampoo,Manipulative
The best cream you will ever need,Manipulative
Consult a professional before using this multigrain cereal if needed,Non-Manipulative
Ideal for everyday use to support your fat burn with fitness tracker,Non-Manipulative
Doctors hate this simple conditioner for wellness,Manipulative
Look 3 years younger instantly with this oil,Manipulative
Double your energy using this cleanser,Manipulative
"Achieve your dream hydration without exercise, thanks to yoga mat",Manipulative
See visible changes in 22 days or less with smartphone,Manipulative
Helps maintain face cleanliness and hygiene with toothpaste,Non-Manipulative
plan is free from parabens and sulfates,Non-Manipulative
Get flawless face overnight using our laptop,Manipulative
cleanser formulated with natural ingredients for financial planning,Non-Manipulative
See visible changes in 13 days or less with smartphone,Manipulative
Experience the magic of effortless productivity with this toothpaste,Manipulative
plan provides hydration and care to your body,Non-Manipulative
Helps maintain teeth cleanliness and hygiene with yoga mat,Non-Manipulative
Become the smoothest version of yourself using multigrain cereal,Manipulative
Doctors hate this simple investment app for success,Manipulative
Recommended to use this serum daily for best results,Non-Manipulative
lotion provides lightweight face hydration,Non-Manipulative
No artificial colors or harsh chemicals used in fitness tracker,Non-Manipulative
yoga mat tested for quality and safety standards,Non-Manipulative
Doctors hate this simple insurance plan for confidence,Manipulative
See visible changes in 20 days or less with app,Manipulative
"Safe for use on sensitive teeth, this fitness tracker is gentle",Non-Manipulative
vacuum cleaner designed to support your daily growth,Non-Manipulative
vacuum cleaner enriched with vitamins for healthy body,Non-Manipulative
"Safe for use on sensitive hair, this insurance plan is gentle",Non-Manipulative
Use this financial course as part of your regular health,Non-Manipulative
Double your sales using this investment app,Manipulative
The most effective way to focus without stress using serum,Manipulative
Provides a pleasant texture and easy absorption with yoga mat,Non-Manipulative
Secret trick to learning instantly with water bottle,Manipulative
Become the softest version of yourself using supplement,Manipulative
Limited time offer: get 40% off on coffee maker instantly,Manipulative
multigrain cereal is free from parabens and sulfates,Non-Manipulative
Lose thigh fat in 12 days guaranteed with water bottle,Manipulative
Lose belly fat in 30 days guaranteed with protein bar,Manipulative
"Store financial course in a cool, dry place away from sunlight",Non-Manipulative
"Achieve your dream productivity without exercise, thanks to laptop",Manipulative
"Safe for use on sensitive face, this vacuum cleaner is gentle",Non-Manipulative
Get flawless body overnight using our budget planner,Manipulative
water bottle is cruelty-free and ethically sourced,Non-Manipulative
"Your soulmate is waiting for you, find them today using headphones",Manipulative
"Achieve your dream growth without effort, thanks to multigrain cereal",Manipulative
water bottle provides hydration and care to your teeth,Non-Manipulative
Use this coffee maker as part of your regular health,Non-Manipulative
Hurry! Only 5 left in stock for this coffee maker,Manipulative
"Achieve your dream mental health without exercise, thanks to oil",Manipulative
yoga mat is free from parabens and sulfates,Non-Manipulative
Lose arm fat in 27 days guaranteed with laptop,Manipulative
Experience the magic of effortless wellness with this air purifier,Manipulative
Ideal for everyday use to support your hydration with conditioner,Non-Manipulative
air purifier formulated with natural ingredients for mental health,Non-Manipulative
budget planner is cruelty-free and ethically sourced,Non-Manipulative
thermos tested for quality and safety standards,Non-Manipulative
No artificial colors or harsh chemicals used in multigrain cereal,Non-Manipulative
yoga mat is cruelty-free and ethically sourced,Non-Manipulative
Ideal for everyday use to support your weight loss with investment app,Non-Manipulative
Become the smoothest version of yourself using toothpaste,Manipulative
No artificial colors or harsh chemicals used in budget planner,Non-Manipulative
smartphone designed to support your daily fitness,Non-Manipulative
Recommended to use this yoga mat daily for best results,Non-Manipulative
"Safe for use on sensitive hair, this multigrain cereal is gentle",Non-Manipulative
"Achieve your dream focus without effort, thanks to fitness tracker",Manipulative
Consult a professional before using this headphones if needed,Non-Manipulative
"Achieve your dream cleansing without stress, thanks to laptop",Manipulative
Get flawless face overnight using our serum,Manipulative
Helps maintain hair cleanliness and hygiene with protein bar,Non-Manipulative
The best serum you will ever need,Manipulative
"Suitable for all hair types, this fitness tracker is reliable",Non-Manipulative
Lose belly fat in 22 days guaranteed with vacuum cleaner,Manipulative
Unlock the secret to learning today with financial course,Manipulative
Never worry about stress again with this plan,Manipulative
Double your results using this lotion,Manipulative
Provides a pleasant texture and easy absorption with vacuum cleaner,Non-Manipulative
Ideal for everyday use to support your productivity with coffee maker,Non-Manipulative
Secret trick to growth instantly with oil,Manipulative
Lose thigh fat in 22 days guaranteed with investment app,Manipulative
The most effective way to fat burn without extra expenses using multigrain cereal,Manipulative
This sunscreen helps improve your skin health over time,Non-Manipulative
conditioner designed to support your daily wellness,Non-Manipulative
Look 20 years younger instantly with this sunscreen,Manipulative
No artificial colors or harsh chemicals used in vacuum cleaner,Non-Manipulative
"Safe for use on sensitive skin, this yoga mat is gentle",Non-Manipulative
sunscreen is free from parabens and sulfates,Non-Manipulative
Recommended to use this water bottle daily for best results,Non-Manipulative
Become the smoothest version of yourself using financial course,Manipulative
"Store app in a cool, dry place away from sunlight",Non-Manipulative
Helps maintain hair cleanliness and hygiene with app,Non-Manipulative
Lose thigh fat in 6 days guaranteed with laptop,Manipulative
This oil will give you the brightest grades,Manipulative
multigrain cereal provides hydration and care to your hair,Non-Manipulative
Doctors hate this simple fitness tracker for fitness,Manipulative
water bottle provides lightweight skin hydration,Non-Manipulative
Get flawless hair overnight using our headphones,Manipulative
Helps maintain body cleanliness and hygiene with serum,Non-Manipulative
"Achieve your dream confidence without effort, thanks to headphones",Manipulative
See visible changes in 15 days or less with coffee maker,Manipulative
Guaranteed results in just 27 days with toothpaste,Manipulative
Get flawless face overnight using our multigrain cereal,Manipulative
supplement is free from parabens and sulfates,Non-Manipulative
sunscreen designed to support your daily cleansing,Non-Manipulative
Ideal for everyday use to support your wellness with cream,Non-Manipulative
conditioner tested for quality and safety standards,Non-Manipulative
Never worry about hair fall again with this fitness tracker,Manipulative
"Safe for use on sensitive face, this lotion is gentle",Non-Manipulative
Hurry! Only 14 left in stock for this cream,Manipulative
See visible changes in 11 days or less with yoga mat,Manipulative
Hurry! Only 23 left in stock for this protein bar,Manipulative
This oil will give you the best smile,Manipulative
Helps maintain body cleanliness and hygiene with toothpaste,Non-Manipulative
"Suitable for all face types, this cream is reliable",Non-Manipulative
This fitness tracker will give you the whitest grades,Manipulative
oil provides lightweight hair hydration,Non-Manipulative
Secret trick to success instantly with toothpaste,Manipulative
cleanser designed to support your daily growth,Non-Manipulative
financial course tested for quality and safety standards,Non-Manipulative
Secret trick to cleansing instantly with cream,Manipulative
This plan will give you the whitest body,Manipulative
See visible changes in 7 days or less with sunscreen,Manipulative
Double your focus using this air purifier,Manipulative
air purifier tested for quality and safety standards,Non-Manipulative
lotion provides lightweight hair hydration,Non-Manipulative
Guaranteed results in just 22 days with air purifier,Manipulative
pill formulated with natural ingredients for growth,Non-Manipulative
Transform your finances with just one click using thermos,Manipulative
Provides a pleasant texture and easy absorption with app,Non-Manipulative
"Suitable for all hair types, this sunscreen is reliable",Non-Manipulative
Guaranteed results in just 15 days with supplement,Manipulative
Secret trick to fitness instantly with financial course,Manipulative
"Store investment app in a cool, dry place away from sunlight",Non-Manipulative
protein bar contains essential nutrients for fitness,Non-Manipulative
Recommended to use this device daily for best results,Non-Manipulative
"Safe for use on sensitive skin, this supplement is gentle",Non-Manipulative
Transform your finances with just one click using protein bar,Manipulative
water bottle contains essential nutrients for financial planning,Non-Manipulative
No artificial colors or harsh chemicals used in thermos,Non-Manipulative
serum is free from parabens and sulfates,Non-Manipulative
Transform your lifestyle with just one click using vacuum cleaner,Manipulative
Secret trick to hydration instantly with serum,Manipulative
yoga mat contains essential nutrients for growth,Non-Manipulative
thermos provides hydration and care to your face,Non-Manipulative
"Your soulmate is waiting for you, find them today using budget planner",Manipulative
vacuum cleaner is cruelty-free and ethically sourced,Non-Manipulative
Limited time offer: get 35% off on toothpaste instantly,Manipulative
This lotion will give you the whitest grades,Manipulative
financial course formulated with natural ingredients for cleansing,Non-Manipulative
Guaranteed results in just 29 days with oil,Manipulative
Look 14 years younger instantly with this budget planner,Manipulative
Never worry about hair fall again with this coffee maker,Manipulative
Secret trick to hydration instantly with yoga mat,Manipulative
Hurry! Only 27 left in stock for this insurance plan,Manipulative
"Store cream in a cool, dry place away from sunlight",Non-Manipulative
Recommended to use this supplement daily for best results,Non-Manipulative
Helps maintain skin cleanliness and hygiene with conditioner,Non-Manipulative
"Store vacuum cleaner in a cool, dry place away from sunlight",Non-Manipulative
This insurance plan helps improve your body health over time,Non-Manipulative
Hurry! Only 15 left in stock for this coffee maker,Manipulative
This app will give you the best smile,Manipulative
"Store oil in a cool, dry place away from sunlight",Non-Manipulative
"Suitable for all face types, this fitness tracker is reliable",Non-Manipulative
sunscreen enriched with vitamins for healthy teeth,Non-Manipulative
Become the softest version of yourself using toothpaste,Manipulative
Provides a pleasant texture and easy absorption with toothpaste,Non-Manipulative
Doctors hate this simple serum for cleansing,Manipulative
"Your love is waiting for you, find them today using lotion",Manipulative
app formulated with natural ingredients for fitness,Non-Manipulative
This shampoo helps improve your face health over time,Non-Manipulative
This financial course helps improve your body health over time,Non-Manipulative
vacuum cleaner provides hydration and care to your face,Non-Manipulative
cream is cruelty-free and ethically sourced,Non-Manipulative
Transform your finances with just one click using insurance plan,Manipulative
Doctors hate this simple yoga mat for weight loss,Manipulative
headphones designed to support your daily growth,Non-Manipulative
Recommended to use this smartphone daily for best results,Non-Manipulative
This lotion will give you the best body,Manipulative
yoga mat designed to support your daily wellness,Non-Manipulative
Double your energy using this toothpaste,Manipulative
Secret trick to financial planning instantly with yoga mat,Manipulative
Hurry! Only 5 left in stock for this toothpaste,Manipulative
supplement provides lightweight teeth hydration,Non-Manipulative
Doctors hate this simple headphones for cleansing,Manipulative
No artificial colors or harsh chemicals used in headphones,Non-Manipulative
See visible changes in 10 days or less with coffee maker,Manipulative
Become the fastest version of yourself using headphones,Manipulative
device contains essential nutrients for weight loss,Non-Manipulative
"Suitable for all teeth types, this air purifier is reliable",Non-Manipulative
Guaranteed results in just 24 days with supplement,Manipulative
See visible changes in 27 days or less with smartphone,Manipulative
Get flawless body overnight using our yoga mat,Manipulative
Become the smoothest version of yourself using shampoo,Manipulative
This shampoo will give you the softest hair,Manipulative
Transform your health with just one click using serum,Manipulative
Look 12 years younger instantly with this conditioner,Manipulative
This device will give you the fastest portfolio,Manipulative
Get flawless teeth overnight using our sunscreen,Manipulative
"Safe for use on sensitive skin, this oil is gentle",Non-Manipulative
Helps maintain teeth cleanliness and hygiene with plan,Non-Manipulative
Helps maintain skin cleanliness and hygiene with sunscreen,Non-Manipulative
Guaranteed results in just 14 days with toothpaste,Manipulative
Never worry about acne again with this yoga mat,Manipulative
Lose arm fat in 13 days guaranteed with device,Manipulative
"Suitable for all teeth types, this fitness tracker is reliable",Non-Manipulative
shampoo enriched with vitamins for healthy body,Non-Manipulative
pill provides lightweight face hydration,Non-Manipulative
Helps maintain skin cleanliness and hygiene with device,Non-Manipulative
Experience the magic of effortless success with this laptop,Manipulative
"Your love is waiting for you, find them today using multigrain cereal",Manipulative
shampoo is free from parabens and sulfates,Non-Manipulative
Helps maintain hair cleanliness and hygiene with multigrain cereal,Non-Manipulative
The best insurance plan you will ever need,Manipulative
vacuum cleaner designed to support your daily fat burn,Non-Manipulative
headphones enriched with vitamins for healthy face,Non-Manipulative
Become the fastest version of yourself using smartphone,Manipulative
Unlock the secret to fitness today with shampoo,Manipulative
plan provides lightweight teeth hydration,Non-Manipulative
toothpaste provides hydration and care to your hair,Non-Manipulative
The most effective way to success without extra expenses using sunscreen,Manipulative
Unlock the secret to focus today with smartphone,Manipulative
See visible changes in 19 days or less with laptop,Manipulative
Guaranteed results in just 24 days with air purifier,Manipulative
serum provides lightweight skin hydration,Non-Manipulative
Limited time offer: get 10% off on coffee maker instantly,Manipulative
device contains essential nutrients for fat burn,Non-Manipulative
air purifier designed to support your daily learning,Non-Manipulative
Get flawless hair overnight using our fitness tracker,Manipulative
protein bar contains essential nutrients for confidence,Non-Manipulative
cream provides hydration and care to your skin,Non-Manipulative
shampoo designed to support your daily growth,Non-Manipulative
This insurance plan helps improve your skin health over time,Non-Manipulative
Experience the magic of effortless fitness with this serum,Manipulative
fitness tracker provides hydration and care to your teeth,Non-Manipulative
Use this protein bar as part of your regular life,Non-Manipulative
Look 8 years younger instantly with this laptop,Manipulative
Use this coffee maker as part of your regular routine,Non-Manipulative
Consult a professional before using this supplement if needed,Non-Manipulative
"Suitable for all hair types, this plan is reliable",Non-Manipulative
Never worry about low focus again with this yoga mat,Manipulative
cleanser formulated with natural ingredients for growth,Non-Manipulative
fitness tracker enriched with vitamins for healthy body,Non-Manipulative
Helps maintain face cleanliness and hygiene with app,Non-Manipulative
"Store supplement in a cool, dry place away from sunlight",Non-Manipulative
"Suitable for all teeth types, this multigrain cereal is reliable",Non-Manipulative
Consult a professional before using this app if needed,Non-Manipulative
No artificial colors or harsh chemicals used in coffee maker,Non-Manipulative
sunscreen provides lightweight skin hydration,Non-Manipulative
Never worry about low focus again with this insurance plan,Manipulative
"Safe for use on sensitive body, this oil is gentle",Non-Manipulative
Use this supplement as part of your regular finances,Non-Manipulative
Become the smoothest version of yourself using yoga mat,Manipulative
Transform your routine with just one click using yoga mat,Manipulative
This cream helps improve your teeth health over time,Non-Manipulative
Transform your finances with just one click using toothpaste,Manipulative
financial course contains essential nutrients for hydration,Non-Manipulative
"Achieve your dream fitness without effort, thanks to cream",Manipulative
device formulated with natural ingredients for hydration,Non-Manipulative
protein bar tested for quality and safety standards,Non-Manipulative
Limited time offer: get 25% off on vacuum cleaner instantly,Manipulative
shampoo enriched with vitamins for healthy hair,Non-Manipulative
protein bar provides lightweight teeth hydration,Non-Manipulative
Lose belly fat in 18 days guaranteed with yoga mat,Manipulative
The most effective way to learning without hard work using insurance plan,Manipulative
Limited time offer: get 15% off on toothpaste instantly,Manipulative
"Safe for use on sensitive teeth, this budget planner is gentle",Non-Manipulative
Double your results using this water bottle,Manipulative
"Safe for use on sensitive skin, this app is gentle",Non-Manipulative
Unlock the secret to focus today with laptop,Manipulative
serum enriched with vitamins for healthy face,Non-Manipulative
fitness tracker is cruelty-free and ethically sourced,Non-Manipulative
Consult a professional before using this conditioner if needed,Non-Manipulative
Lose arm fat in 5 days guaranteed with conditioner,Manipulative
Ideal for everyday use to support your hydration with thermos,Non-Manipulative
Hurry! Only 22 left in stock for this multigrain cereal,Manipulative
"Suitable for all face types, this headphones is reliable",Non-Manipulative
oil contains essential nutrients for weight loss,Non-Manipulative
Ideal for everyday use to support your wellness with app,Non-Manipulative
smartphone contains essential nutrients for success,Non-Manipulative
Hurry! Only 13 left in stock for this conditioner,Manipulative
toothpaste is free from parabens and sulfates,Non-Manipulative
No artificial colors or harsh chemicals used in financial course,Non-Manipulative
Experience the magic of effortless wellness with this financial course,Manipulative
Look 19 years younger instantly with this protein bar,Manipulative
Hurry! Only 11 left in stock for this toothpaste,Manipulative
multigrain cereal provides hydration and care to your teeth,Non-Manipulative
Lose belly fat in 18 days guaranteed with insurance plan,Manipulative
The best toothpaste you will ever need,Manipulative
Never worry about hair fall again with this lotion,Manipulative
Transform your career with just one click using sunscreen,Manipulative
Never worry about fatigue again with this water bottle,Manipulative
device enriched with vitamins for healthy teeth,Non-Manipulative
investment app designed to support your daily hydration,Non-Manipulative
Provides a pleasant texture and easy absorption with device,Non-Manipulative
This financial course helps improve your face health over time,Non-Manipulative
Unlock the secret to confidence today with cream,Manipulative
supplement enriched with vitamins for healthy hair,Non-Manipulative
See visible changes in 3 days or less with laptop,Manipulative
"Store lotion in a cool, dry place away from sunlight",Non-Manipulative
air purifier formulated with natural ingredients for wellness,Non-Manipulative
"Safe for use on sensitive teeth, this investment app is gentle",Non-Manipulative
"Your love is waiting for you, find them today using device",Manipulative
budget planner enriched with vitamins for healthy skin,Non-Manipulative
This serum helps improve your body health over time,Non-Manipulative
The most effective way to learning without extra expenses using multigrain cereal,Manipulative
Become the best version of yourself using toothpaste,Manipulative
Provides a pleasant texture and easy absorption with cream,Non-Manipulative
multigrain cereal designed to support your daily fitness,Non-Manipulative
"Safe for use on sensitive hair, this financial course is gentle",Non-Manipulative
toothpaste formulated with natural ingredients for focus,Non-Manipulative
Ideal for everyday use to support your fitness with insurance plan,Non-Manipulative
financial course is cruelty-free and ethically sourced,Non-Manipulative
Provides a pleasant texture and easy absorption with fitness tracker,Non-Manipulative
Ideal for everyday use to support your fat burn with sunscreen,Non-Manipulative
Guaranteed results in just 8 days with oil,Manipulative
cream designed to support your daily focus,Non-Manipulative
Get flawless skin overnight using our budget planner,Manipulative
Unlock the secret to fat burn today with conditioner,Manipulative
"Safe for use on sensitive body, this lotion is gentle",Non-Manipulative
This supplement helps improve your body health over time,Non-Manipulative
Recommended to use this protein bar daily for best results,Non-Manipulative
Provides a pleasant texture and easy absorption with investment app,Non-Manipulative
Ideal for everyday use to support your mental health with protein bar,Non-Manipulative
Recommended to use this shampoo daily for best results,Non-Manipulative
Look 19 years younger instantly with this financial course,Manipulative
See visible changes in 25 days or less with insurance plan,Manipulative
Helps maintain hair cleanliness and hygiene with fitness tracker,Non-Manipulative
Limited time offer: get 15% off on cream instantly,Manipulative
Helps maintain hair cleanliness and hygiene with thermos,Non-Manipulative
See visible changes in 18 days or less with water bottle,Manipulative
sunscreen tested for quality and safety standards,Non-Manipulative
This sunscreen will give you the softest smile,Manipulative
"Achieve your dream confidence without dieting, thanks to smartphone",Manipulative
"Your partner is waiting for you, find them today using supplement",Manipulative
Unlock the secret to learning today with vacuum cleaner,Manipulative
Use this vacuum cleaner as part of your regular finances,Non-Manipulative
Secret trick to productivity instantly with multigrain cereal,Manipulative
Double your focus using this smartphone,Manipulative
"Achieve your dream focus without stress, thanks to yoga mat",Manipulative
Ideal for everyday use to support your confidence with pill,Non-Manipulative
Recommended to use this fitness tracker daily for best results,Non-Manipulative
"Safe for use on sensitive body, this air purifier is gentle",Non-Manipulative
Look 3 years younger instantly with this pill,Manipulative
Transform your lifestyle with just one click using oil,Manipulative
Provides a pleasant texture and easy absorption with budget planner,Non-Manipulative
multigrain cereal contains essential nutrients for weight loss,Non-Manipulative
Limited time offer: get 30% off on yoga mat instantly,Manipulative
"Your love is waiting for you, find them today using serum",Manipulative
coffee maker designed to support your daily productivity,Non-Manipulative
"Your love is waiting for you, find them today using headphones",Manipulative
Provides a pleasant texture and easy absorption with cleanser,Non-Manipulative
Get flawless teeth overnight using our vacuum cleaner,Manipulative
The best financial course you will ever need,Manipulative
Transform your life with just one click using coffee maker,Manipulative
Experience the magic of effortless learning with this sunscreen,Manipulative
headphones provides hydration and care to your body,Non-Manipulative
This sunscreen will give you the fastest grades,Manipulative
Limited time offer: get 35% off on thermos instantly,Manipulative
Unlock the secret to success today with investment app,Manipulative
laptop is free from parabens and sulfates,Non-Manipulative
Experience the magic of effortless growth with this oil,Manipulative
Lose thigh fat in 11 days guaranteed with smartphone,Manipulative
Provides a pleasant texture and easy absorption with protein bar,Non-Manipulative
Lose arm fat in 8 days guaranteed with shampoo,Manipulative
Never worry about stress again with this vacuum cleaner,Manipulative
Become the brightest version of yourself using water bottle,Manipulative
plan contains essential nutrients for hydration,Non-Manipulative
Transform your health with just one click using budget planner,Manipulative
Guaranteed results in just 10 days with air purifier,Manipulative
The most effective way to growth without exercise using supplement,Manipulative
supplement contains essential nutrients for confidence,Non-Manipulative
"Store fitness tracker in a cool, dry place away from sunlight",Non-Manipulative
